,location,genotype,SW
0,AB,CDBN_003,48.0
1,AB,CDBN_005,49.0
2,AB,CDBN_294,50.0
3,AB,CDBN_050,50.0
4,AB,CDBN_297,51.0
5,AB,CDBN_246,57.0
6,AB,CDBN_171,43.0
7,AB,CDBN_182,48.0
8,AB,CDBN_286,46.0
9,AB,CDBN_287,46.0
10,AB,CDBN_288,47.0
11,AB,CDBN_146,53.0
12,AB,CDBN_097,49.0
13,AB,CDBN_322,55.0
14,AB,CDBN_289,56.0
15,AB,CDBN_045,47.0
16,AB,CDBN_047,51.0
17,AB,CDBN_072,47.0
18,AB,CDBN_074,48.0
19,AB,CDBN_238,57.0
20,AB,CDBN_285,47.0
21,AB,CDBN_324,45.0
22,AB,CDBN_306,48.0
23,AB,CDBN_080,51.0
24,AB,CDBN_090,42.0
25,AB,CDBN_134,54.0
26,AB,CDBN_081,47.0
27,AB,CDBN_309,52.0
28,AB,CDBN_311,47.0
29,AB,CDBN_313,50.0
30,AB,CDBN_314,54.0
31,AB,CDBN_315,55.0
32,AB,CDBN_274,44.0
33,AB,CDBN_155,53.0
34,AB,CDBN_296,51.0
35,AB,CDBN_275,44.0
36,AB,CDBN_170,42.0
37,AB,CDBN_300,55.0
38,AB,CDBN_265,43.0
39,AB,CDBN_030,54.0
40,AB,CDBN_031,45.0
41,AB,CDBN_032,53.0
42,AB,CDBN_033,53.0
43,AB,CDBN_034,44.0
44,AB,CDBN_192,54.0
45,AB,CDBN_038,48.0
46,AB,CDBN_040,47.0
47,AB,CDBN_041,42.0
48,AB,CDBN_043,50.0
49,AB,CDBN_093,46.0
50,AB,CDBN_076,47.0
51,AB,CDBN_077,60.0
52,AB,CDBN_196,47.0
53,AB,CDBN_179,51.0
54,AB,CDBN_095,43.0
55,AB,CDBN_207,54.0
56,AB,CDBN_312,50.0
57,AB,CDBN_316,45.0
58,AB,CDBN_273,55.0
59,AB,CDBN_010,50.0
60,AB,CDBN_013,54.0
61,AB,CDBN_014,53.0
62,AB,CDBN_051,53.0
63,AB,CDBN_293,53.0
64,AB,CDBN_277,57.0
65,AB,CDBN_242,55.0
66,AB,CDBN_116,55.0
67,AB,CDBN_239,61.0
68,AB,CDBN_159,52.0
69,AB,CDBN_299,52.0
70,AB,CDBN_247,48.0
71,AB,CDBN_249,51.0
72,AB,CDBN_278,47.0
73,AB,CDBN_089,52.0
74,AB,CDBN_024,53.0
75,AB,CDBN_268,57.0
76,AB,CDBN_036,56.0
77,AB,CDBN_037,54.0
78,AB,CDBN_048,58.0
79,AB,CDBN_271,62.0
80,AB,CDBN_193,55.0
81,AB,CDBN_128,53.0
82,AB,CDBN_303,54.0
83,AB,CDBN_304,60.0
84,AB,CDBN_199,55.0
85,AB,CDBN_232,55.0
86,AB,CDBN_203,56.0
87,AB,CDBN_098,51.0
88,AB,CDBN_165,50.0
89,AB,CDBN_307,56.0
90,AB,CDBN_138,58.0
91,AB,CDBN_318,53.0
92,AB,CDBN_002,46.0
93,AB,CDBN_115,57.0
94,AB,CDBN_168,58.0
95,AB,CDBN_123,58.0
96,AB,CDBN_259,57.0
97,AB,CDBN_039,57.0
98,AB,CDBN_284,50.0
99,AB,CDBN_166,56.0
100,AB,CDBN_290,53.0
101,AB,CDBN_053,48.0
102,AB,CDBN_065,56.0
103,AB,CDBN_317,56.0
104,AB,CDBN_084,56.0
105,AB,CDBN_226,55.0
106,AB,CDBN_087,57.0
107,AB,CDBN_011,47.5
108,AB,CDBN_012,46.5
109,AB,CDBN_015,50.0
110,AB,CDBN_016,53.0
111,AB,CDBN_298,53.0
112,AB,CDBN_250,47.0
113,AB,CDBN_251,45.5
114,AB,CDBN_017,56.5
115,AB,CDBN_019,52.0
116,AB,CDBN_021,52.5
117,AB,CDBN_026,50.5
118,AB,CDBN_263,57.5
119,AB,CDBN_125,55.0
120,AB,CDBN_126,54.5
121,AB,CDBN_127,54.0
122,AB,CDBN_027,55.0
123,AB,CDBN_028,54.0
124,AB,CDBN_164,47.5
125,AB,CDBN_035,55.5
126,AB,CDBN_044,57.0
127,AB,CDBN_046,55.0
128,AB,CDBN_079,51.5
129,AB,CDBN_219,53.0
130,CA,CDBN_010,38.0
131,CA,CDBN_013,38.0
132,CA,CDBN_014,38.0
133,CA,CDBN_051,37.0
134,CA,CDBN_293,38.0
135,CA,CDBN_277,39.0
136,CA,CDBN_242,38.0
137,CA,CDBN_116,40.0
138,CA,CDBN_239,40.0
139,CA,CDBN_159,38.0
140,CA,CDBN_299,38.0
141,CA,CDBN_247,36.0
142,CA,CDBN_249,37.0
143,CA,CDBN_278,36.0
144,CA,CDBN_089,37.0
145,CA,CDBN_024,38.0
146,CA,CDBN_268,38.0
147,CA,CDBN_036,38.0
148,CA,CDBN_037,38.0
149,CA,CDBN_048,40.0
150,CA,CDBN_271,40.0
151,CA,CDBN_193,39.0
152,CA,CDBN_128,37.0
153,CA,CDBN_303,40.0
154,CA,CDBN_304,38.0
155,CA,CDBN_199,38.0
156,CA,CDBN_232,37.0
157,CA,CDBN_203,38.0
158,CA,CDBN_098,38.0
159,CA,CDBN_165,38.0
160,CA,CDBN_307,38.0
161,CA,CDBN_138,38.0
162,CA,CDBN_318,38.0
163,CO,CDBN_010,47.0
164,CO,CDBN_013,48.0
165,CO,CDBN_014,47.0
166,CO,CDBN_051,52.0
167,CO,CDBN_293,49.0
168,CO,CDBN_277,48.0
169,CO,CDBN_242,49.0
170,CO,CDBN_116,50.0
171,CO,CDBN_239,51.0
172,CO,CDBN_159,52.0
173,CO,CDBN_299,48.0
174,CO,CDBN_247,47.0
175,CO,CDBN_249,46.0
176,CO,CDBN_278,52.0
177,CO,CDBN_089,47.0
178,CO,CDBN_024,47.0
179,CO,CDBN_268,50.0
180,CO,CDBN_036,49.0
181,CO,CDBN_037,49.0
182,CO,CDBN_048,49.0
183,CO,CDBN_271,52.0
184,CO,CDBN_193,50.0
185,CO,CDBN_128,46.0
186,CO,CDBN_303,50.0
187,CO,CDBN_304,48.0
188,CO,CDBN_199,47.0
189,CO,CDBN_232,49.0
190,CO,CDBN_203,49.0
191,CO,CDBN_098,49.0
192,CO,CDBN_165,52.0
193,CO,CDBN_307,49.0
194,CO,CDBN_138,51.0
195,CO,CDBN_318,48.0
196,CO,CDBN_099,46.0
197,CO,CDBN_229,49.0
198,CO,CDBN_294,49.0
199,CO,CDBN_050,50.0
200,CO,CDBN_298,48.0
201,CO,CDBN_145,59.0
202,CO,CDBN_103,47.0
203,CO,CDBN_104,49.0
204,CO,CDBN_106,56.0
205,CO,CDBN_107,51.0
206,CO,CDBN_177,49.0
207,CO,CDBN_146,47.0
208,CO,CDBN_108,46.0
209,CO,CDBN_109,47.0
210,CO,CDBN_110,48.0
211,CO,CDBN_111,50.0
212,CO,CDBN_280,49.0
213,CO,CDBN_156,49.0
214,CO,CDBN_282,50.0
215,CO,CDBN_194,57.0
216,CO,CDBN_112,48.0
217,CO,CDBN_130,53.0
218,CO,CDBN_113,59.0
219,CO,CDBN_095,47.0
220,CO,CDBN_132,47.0
221,CO,CDBN_090,48.0
222,CO,CDBN_162,49.0
223,CO,CDBN_153,48.0
224,CO,CDBN_311,48.0
225,CO,CDBN_221,49.0
226,CO,CDBN_049,47.0
227,CO,CDBN_274,47.0
228,CO,CDBN_292,48.0
229,CO,CDBN_171,40.0
230,CO,CDBN_300,42.0
231,CO,CDBN_039,41.0
232,CO,CDBN_284,40.0
233,CO,CDBN_238,47.0
234,CO,CDBN_285,41.0
235,CO,CDBN_324,40.0
236,CO,CDBN_290,41.0
237,CO,CDBN_053,39.0
238,CO,CDBN_065,42.0
239,CO,CDBN_317,38.0
240,CO,CDBN_087,42.0
241,CO,CDBN_273,45.0
242,CO,CDBN_011,58.0
243,CO,CDBN_012,55.0
244,CO,CDBN_015,58.0
245,CO,CDBN_016,57.0
246,CO,CDBN_250,47.0
247,CO,CDBN_251,58.0
248,CO,CDBN_017,59.0
249,CO,CDBN_019,56.0
250,CO,CDBN_021,57.0
251,CO,CDBN_026,58.0
252,CO,CDBN_263,58.0
253,CO,CDBN_125,57.0
254,CO,CDBN_126,58.0
255,CO,CDBN_127,57.0
256,CO,CDBN_027,53.0
257,CO,CDBN_028,57.0
258,CO,CDBN_164,55.0
259,CO,CDBN_035,57.0
260,CO,CDBN_044,52.0
261,CO,CDBN_046,58.0
262,CO,CDBN_079,56.0
263,CO,CDBN_219,54.0
264,CO,CDBN_314,58.0
265,ID,CDBN_003,45.0
266,ID,CDBN_005,44.0
267,ID,CDBN_294,48.0
268,ID,CDBN_050,49.0
269,ID,CDBN_297,44.0
270,ID,CDBN_246,52.0
271,ID,CDBN_171,42.0
272,ID,CDBN_182,45.0
273,ID,CDBN_286,44.0
274,ID,CDBN_287,43.0
275,ID,CDBN_288,45.0
276,ID,CDBN_146,46.0
277,ID,CDBN_097,47.0
278,ID,CDBN_322,49.0
279,ID,CDBN_289,51.0
280,ID,CDBN_045,45.0
281,ID,CDBN_047,48.0
282,ID,CDBN_072,47.0
283,ID,CDBN_074,48.0
284,ID,CDBN_238,52.0
285,ID,CDBN_285,43.0
286,ID,CDBN_324,41.0
287,ID,CDBN_306,44.0
288,ID,CDBN_080,49.0
289,ID,CDBN_090,41.0
290,ID,CDBN_134,50.0
291,ID,CDBN_081,44.0
292,ID,CDBN_309,47.0
293,ID,CDBN_311,43.0
294,ID,CDBN_313,45.0
295,ID,CDBN_314,48.0
296,ID,CDBN_315,49.0
297,ID,CDBN_274,44.0
298,ID,CDBN_155,50.0
299,ID,CDBN_296,48.0
300,ID,CDBN_275,45.0
301,ID,CDBN_170,43.0
302,ID,CDBN_300,50.0
303,ID,CDBN_265,41.0
304,ID,CDBN_030,46.0
305,ID,CDBN_031,45.0
306,ID,CDBN_032,48.0
307,ID,CDBN_033,47.0
308,ID,CDBN_034,45.0
309,ID,CDBN_192,51.0
310,ID,CDBN_038,48.0
311,ID,CDBN_040,43.0
312,ID,CDBN_041,41.0
313,ID,CDBN_043,48.0
314,ID,CDBN_093,45.0
315,ID,CDBN_076,43.0
316,ID,CDBN_077,53.0
317,ID,CDBN_196,44.0
318,ID,CDBN_179,49.0
319,ID,CDBN_095,42.0
320,ID,CDBN_207,54.0
321,ID,CDBN_312,43.0
322,ID,CDBN_316,47.0
323,ID,CDBN_273,53.0
324,ID,CDBN_002,65.0
325,ID,CDBN_051,68.0
326,ID,CDBN_293,68.0
327,ID,CDBN_242,68.0
328,ID,CDBN_115,70.0
329,ID,CDBN_159,69.0
330,ID,CDBN_168,69.0
331,ID,CDBN_278,67.0
332,ID,CDBN_123,68.0
333,ID,CDBN_259,71.0
334,ID,CDBN_039,68.0
335,ID,CDBN_193,69.0
336,ID,CDBN_284,64.0
337,ID,CDBN_303,69.0
338,ID,CDBN_304,69.0
339,ID,CDBN_203,67.0
340,ID,CDBN_098,68.0
341,ID,CDBN_165,66.0
342,ID,CDBN_166,70.0
343,ID,CDBN_307,70.0
344,ID,CDBN_290,67.0
345,ID,CDBN_053,68.0
346,ID,CDBN_065,67.0
347,ID,CDBN_317,65.0
348,ID,CDBN_084,68.0
349,ID,CDBN_226,69.0
350,ID,CDBN_087,68.0
351,ID,CDBN_318,67.0
352,MB,CDBN_051,51.0
353,MB,CDBN_293,51.0
354,MB,CDBN_242,53.0
355,MB,CDBN_239,57.0
356,MB,CDBN_159,50.0
357,MB,CDBN_299,51.0
358,MB,CDBN_171,49.0
359,MB,CDBN_300,56.0
360,MB,CDBN_278,50.0
361,MB,CDBN_024,53.0
362,MB,CDBN_268,57.0
363,MB,CDBN_037,53.0
364,MB,CDBN_039,50.0
365,MB,CDBN_048,54.0
366,MB,CDBN_193,55.0
367,MB,CDBN_128,51.0
368,MB,CDBN_284,49.0
369,MB,CDBN_303,56.0
370,MB,CDBN_304,53.0
371,MB,CDBN_238,58.0
372,MB,CDBN_285,50.0
373,MB,CDBN_324,51.0
374,MB,CDBN_165,50.0
375,MB,CDBN_307,55.0
376,MB,CDBN_290,51.0
377,MB,CDBN_053,51.0
378,MB,CDBN_065,54.0
379,MB,CDBN_317,51.0
380,MB,CDBN_138,57.0
381,MB,CDBN_087,51.0
382,MB,CDBN_273,58.0
383,MB,CDBN_274,51.0
384,MB,CDBN_318,54.0
385,MB,CDBN_010,46.0
386,MB,CDBN_013,49.0
387,MB,CDBN_014,47.0
388,MB,CDBN_277,45.0
389,MB,CDBN_116,50.0
390,MB,CDBN_247,43.0
391,MB,CDBN_249,44.0
392,MB,CDBN_089,52.0
393,MB,CDBN_036,47.0
394,MB,CDBN_271,56.0
395,MB,CDBN_199,51.0
396,MB,CDBN_232,50.0
397,MB,CDBN_203,45.0
398,MB,CDBN_098,47.0
399,MT,CDBN_003,52.0
400,MT,CDBN_005,54.0
401,MT,CDBN_294,56.0
402,MT,CDBN_050,56.0
403,MT,CDBN_297,55.0
404,MT,CDBN_171,55.0
405,MT,CDBN_182,51.0
406,MT,CDBN_286,55.0
407,MT,CDBN_287,56.0
408,MT,CDBN_288,52.0
409,MT,CDBN_146,53.0
410,MT,CDBN_097,56.0
411,MT,CDBN_322,56.0
412,MT,CDBN_289,56.0
413,MT,CDBN_045,49.0
414,MT,CDBN_047,53.0
415,MT,CDBN_072,55.0
416,MT,CDBN_074,54.0
417,MT,CDBN_238,54.0
418,MT,CDBN_285,56.0
419,MT,CDBN_324,52.0
420,MT,CDBN_306,53.0
421,MT,CDBN_080,51.0
422,MT,CDBN_090,56.0
423,MT,CDBN_134,56.0
424,MT,CDBN_081,52.0
425,MT,CDBN_309,52.0
426,MT,CDBN_311,56.0
427,MT,CDBN_313,52.0
428,MT,CDBN_314,56.0
429,MT,CDBN_315,56.0
430,MT,CDBN_274,52.0
431,ND,CDBN_155,56.0
432,ND,CDBN_296,45.0
433,ND,CDBN_275,47.0
434,ND,CDBN_171,55.0
435,ND,CDBN_170,56.0
436,ND,CDBN_300,36.0
437,ND,CDBN_288,58.0
438,ND,CDBN_146,63.0
439,ND,CDBN_097,52.0
440,ND,CDBN_265,46.0
441,ND,CDBN_030,50.0
442,ND,CDBN_031,68.0
443,ND,CDBN_032,54.0
444,ND,CDBN_033,48.0
445,ND,CDBN_034,53.0
446,ND,CDBN_192,63.0
447,ND,CDBN_038,66.0
448,ND,CDBN_040,39.0
449,ND,CDBN_041,68.0
450,ND,CDBN_043,56.0
451,ND,CDBN_093,60.0
452,ND,CDBN_076,42.0
453,ND,CDBN_077,64.0
454,ND,CDBN_196,37.0
455,ND,CDBN_179,48.0
456,ND,CDBN_238,71.0
457,ND,CDBN_285,62.0
458,ND,CDBN_324,43.0
459,ND,CDBN_306,48.0
460,ND,CDBN_095,39.0
461,ND,CDBN_207,64.0
462,ND,CDBN_312,43.0
463,ND,CDBN_314,40.0
464,ND,CDBN_316,47.0
465,ND,CDBN_273,55.0
466,ND,CDBN_002,37.0
467,ND,CDBN_051,44.0
468,ND,CDBN_293,42.0
469,ND,CDBN_242,45.0
470,ND,CDBN_115,45.0
471,ND,CDBN_159,42.0
472,ND,CDBN_168,44.0
473,ND,CDBN_278,39.0
474,ND,CDBN_123,41.0
475,ND,CDBN_259,51.0
476,ND,CDBN_039,45.0
477,ND,CDBN_193,48.0
478,ND,CDBN_284,38.0
479,ND,CDBN_303,48.0
480,ND,CDBN_304,45.0
481,ND,CDBN_203,43.0
482,ND,CDBN_098,46.0
483,ND,CDBN_165,41.0
484,ND,CDBN_166,42.0
485,ND,CDBN_307,46.0
486,ND,CDBN_290,43.0
487,ND,CDBN_053,41.0
488,ND,CDBN_065,44.0
489,ND,CDBN_317,41.0
490,ND,CDBN_084,42.0
491,ND,CDBN_226,45.0
492,ND,CDBN_087,44.0
493,ND,CDBN_318,46.0
494,NE,CDBN_155,45.0
495,NE,CDBN_275,39.0
496,NE,CDBN_171,41.0
497,NE,CDBN_170,39.0
498,NE,CDBN_300,43.0
499,NE,CDBN_288,43.0
500,NE,CDBN_146,41.0
501,NE,CDBN_097,44.0
502,NE,CDBN_265,39.0
503,NE,CDBN_030,45.0
504,NE,CDBN_031,41.0
505,NE,CDBN_032,45.0
506,NE,CDBN_033,45.0
507,NE,CDBN_034,43.0
508,NE,CDBN_192,44.0
509,NE,CDBN_038,45.0
510,NE,CDBN_040,40.0
511,NE,CDBN_041,44.0
512,NE,CDBN_043,42.0
513,NE,CDBN_093,44.0
514,NE,CDBN_076,40.0
515,NE,CDBN_077,44.0
516,NE,CDBN_196,41.0
517,NE,CDBN_179,42.0
518,NE,CDBN_238,45.0
519,NE,CDBN_285,42.0
520,NE,CDBN_324,39.0
521,NE,CDBN_095,39.0
522,NE,CDBN_207,45.0
523,NE,CDBN_312,39.0
524,NE,CDBN_316,44.0
525,NE,CDBN_273,45.0
526,NE,CDBN_010,49.3333333333333
527,NE,CDBN_011,48.3333333333333
528,NE,CDBN_012,44.6666666666667
529,NE,CDBN_015,48.6666666666667
530,NE,CDBN_016,48.3333333333333
531,NE,CDBN_277,45.0
532,NE,CDBN_116,47.3333333333333
533,NE,CDBN_298,44.0
534,NE,CDBN_299,44.0
535,NE,CDBN_249,43.3333333333333
536,NE,CDBN_250,42.0
537,NE,CDBN_251,42.0
538,NE,CDBN_017,47.3333333333333
539,NE,CDBN_019,47.3333333333333
540,NE,CDBN_021,50.0
541,NE,CDBN_089,44.0
542,NE,CDBN_026,45.3333333333333
543,NE,CDBN_263,47.0
544,NE,CDBN_125,50.0
545,NE,CDBN_126,48.0
546,NE,CDBN_127,45.0
547,NE,CDBN_027,48.6666666666667
548,NE,CDBN_028,47.0
549,NE,CDBN_164,49.6666666666667
550,NE,CDBN_035,48.3333333333333
551,NE,CDBN_044,48.0
552,NE,CDBN_046,46.0
553,NE,CDBN_304,46.3333333333333
554,NE,CDBN_079,48.3333333333333
555,NE,CDBN_219,46.3333333333333
556,NE,CDBN_311,45.0
557,NE,CDBN_053,45.6666666666667
558,NE,CDBN_065,46.6666666666667
559,NE,CDBN_314,46.6666666666667
560,NE,CDBN_317,43.6666666666667
561,NE,CDBN_296,41.0
562,NE,CDBN_306,41.0
563,NE,CDBN_051,42.0
564,NE,CDBN_293,44.0
565,NE,CDBN_242,41.0
566,NE,CDBN_239,45.0
567,NE,CDBN_159,41.0
568,NE,CDBN_278,41.0
569,NE,CDBN_024,40.0
570,NE,CDBN_268,42.0
571,NE,CDBN_037,44.0
572,NE,CDBN_039,43.0
573,NE,CDBN_048,42.0
574,NE,CDBN_193,42.0
575,NE,CDBN_128,40.0
576,NE,CDBN_284,40.0
577,NE,CDBN_303,44.0
578,NE,CDBN_165,40.0
579,NE,CDBN_307,41.0
580,NE,CDBN_290,40.0
581,NE,CDBN_138,43.0
582,NE,CDBN_087,42.0
583,NE,CDBN_274,41.0
584,NE,CDBN_318,41.0
585,NY,CDBN_155,39.0
586,NY,CDBN_296,38.0
587,NY,CDBN_275,36.0
588,NY,CDBN_171,35.0
589,NY,CDBN_170,37.0
590,NY,CDBN_300,42.0
591,NY,CDBN_288,41.0
592,NY,CDBN_146,43.0
593,NY,CDBN_097,41.0
594,NY,CDBN_265,37.0
595,NY,CDBN_030,39.0
596,NY,CDBN_031,45.0
597,NY,CDBN_032,39.0
598,NY,CDBN_033,38.0
599,NY,CDBN_034,37.0
600,NY,CDBN_192,41.0
601,NY,CDBN_038,41.0
602,NY,CDBN_040,38.0
603,NY,CDBN_041,37.0
604,NY,CDBN_043,40.0
605,NY,CDBN_093,40.0
606,NY,CDBN_076,36.0
607,NY,CDBN_077,44.0
608,NY,CDBN_196,35.0
609,NY,CDBN_179,39.0
610,NY,CDBN_238,42.0
611,NY,CDBN_285,40.0
612,NY,CDBN_324,37.0
613,NY,CDBN_306,39.0
614,NY,CDBN_095,35.0
615,NY,CDBN_207,42.0
616,NY,CDBN_312,35.0
617,NY,CDBN_314,38.0
618,NY,CDBN_316,39.0
619,NY,CDBN_273,42.0
620,NY,CDBN_010,42.0
621,NY,CDBN_013,41.0
622,NY,CDBN_014,40.0
623,NY,CDBN_051,43.0
624,NY,CDBN_293,39.0
625,NY,CDBN_277,42.0
626,NY,CDBN_242,43.0
627,NY,CDBN_116,44.0
628,NY,CDBN_239,44.0
629,NY,CDBN_159,43.0
630,NY,CDBN_299,43.0
631,NY,CDBN_247,39.0
632,NY,CDBN_249,39.0
633,NY,CDBN_278,40.0
634,NY,CDBN_089,42.0
635,NY,CDBN_024,39.0
636,NY,CDBN_268,44.0
637,NY,CDBN_036,42.0
638,NY,CDBN_037,42.0
639,NY,CDBN_048,43.0
640,NY,CDBN_271,44.0
641,NY,CDBN_193,44.0
642,NY,CDBN_128,41.0
643,NY,CDBN_303,44.0
644,NY,CDBN_304,42.0
645,NY,CDBN_199,44.0
646,NY,CDBN_232,43.0
647,NY,CDBN_203,42.0
648,NY,CDBN_098,40.0
649,NY,CDBN_165,39.0
650,NY,CDBN_307,44.0
651,NY,CDBN_138,44.0
652,NY,CDBN_318,43.0
653,ON,CDBN_003,37.0
654,ON,CDBN_005,40.0
655,ON,CDBN_294,43.0
656,ON,CDBN_050,44.0
657,ON,CDBN_297,40.0
658,ON,CDBN_171,34.0
659,ON,CDBN_182,37.0
660,ON,CDBN_286,43.0
661,ON,CDBN_287,37.0
662,ON,CDBN_288,40.0
663,ON,CDBN_146,44.0
664,ON,CDBN_097,40.0
665,ON,CDBN_322,44.0
666,ON,CDBN_289,47.0
667,ON,CDBN_045,36.0
668,ON,CDBN_047,42.0
669,ON,CDBN_072,43.0
670,ON,CDBN_074,42.0
671,ON,CDBN_238,46.0
672,ON,CDBN_285,39.0
673,ON,CDBN_324,39.0
674,ON,CDBN_306,43.0
675,ON,CDBN_080,42.0
676,ON,CDBN_090,34.0
677,ON,CDBN_134,46.0
678,ON,CDBN_081,38.0
679,ON,CDBN_309,41.0
680,ON,CDBN_311,42.0
681,ON,CDBN_313,36.0
682,ON,CDBN_314,40.0
683,ON,CDBN_315,44.0
684,ON,CDBN_274,42.0
685,ON,CDBN_010,44.0
686,ON,CDBN_013,44.0
687,ON,CDBN_014,42.0
688,ON,CDBN_051,48.0
689,ON,CDBN_293,47.0
690,ON,CDBN_277,49.0
691,ON,CDBN_242,50.0
692,ON,CDBN_116,51.0
693,ON,CDBN_239,53.0
694,ON,CDBN_159,45.0
695,ON,CDBN_299,49.0
696,ON,CDBN_247,43.0
697,ON,CDBN_249,42.0
698,ON,CDBN_278,42.0
699,ON,CDBN_089,49.0
700,ON,CDBN_024,42.0
701,ON,CDBN_268,53.0
702,ON,CDBN_036,48.0
703,ON,CDBN_037,48.0
704,ON,CDBN_048,45.0
705,ON,CDBN_271,54.0
706,ON,CDBN_193,50.0
707,ON,CDBN_128,47.0
708,ON,CDBN_303,52.0
709,ON,CDBN_304,50.0
710,ON,CDBN_199,49.0
711,ON,CDBN_232,50.0
712,ON,CDBN_203,48.0
713,ON,CDBN_098,48.0
714,ON,CDBN_165,42.0
715,ON,CDBN_307,48.0
716,ON,CDBN_138,52.0
717,ON,CDBN_318,50.0
718,ON,CDBN_011,43.33
719,ON,CDBN_012,41.93
720,ON,CDBN_015,43.06
721,ON,CDBN_016,43.61
722,ON,CDBN_298,43.18
723,ON,CDBN_250,40.19
724,ON,CDBN_251,40.94
725,ON,CDBN_017,45.53
726,ON,CDBN_019,45.66
727,ON,CDBN_021,47.63
728,ON,CDBN_026,46.15
729,ON,CDBN_263,46.2
730,ON,CDBN_125,46.13
731,ON,CDBN_126,44.84
732,ON,CDBN_127,45.45
733,ON,CDBN_027,46.0
734,ON,CDBN_028,50.25
735,ON,CDBN_164,41.1
736,ON,CDBN_035,46.4
737,ON,CDBN_044,46.31
738,ON,CDBN_046,44.88
739,ON,CDBN_079,42.87
740,ON,CDBN_095,41.93
741,ON,CDBN_219,42.67
742,ON,CDBN_053,41.71
743,ON,CDBN_065,45.1
744,ON,CDBN_317,41.43
745,WA,CDBN_155,59.0
746,WA,CDBN_296,56.0
747,WA,CDBN_275,54.0
748,WA,CDBN_171,54.0
749,WA,CDBN_170,52.0
750,WA,CDBN_300,58.0
751,WA,CDBN_288,55.0
752,WA,CDBN_146,54.0
753,WA,CDBN_097,61.0
754,WA,CDBN_265,55.0
755,WA,CDBN_030,58.0
756,WA,CDBN_031,52.0
757,WA,CDBN_032,58.0
758,WA,CDBN_033,60.0
759,WA,CDBN_034,57.0
760,WA,CDBN_192,62.0
761,WA,CDBN_038,55.0
762,WA,CDBN_040,56.0
763,WA,CDBN_041,52.0
764,WA,CDBN_043,59.0
765,WA,CDBN_093,55.0
766,WA,CDBN_076,53.0
767,WA,CDBN_077,61.0
768,WA,CDBN_196,54.0
769,WA,CDBN_179,56.0
770,WA,CDBN_238,61.0
771,WA,CDBN_285,52.0
772,WA,CDBN_324,53.0
773,WA,CDBN_306,57.0
774,WA,CDBN_095,52.0
775,WA,CDBN_207,61.0
776,WA,CDBN_312,53.0
777,WA,CDBN_314,58.0
778,WA,CDBN_316,58.0
779,WA,CDBN_273,61.0
780,WA,CDBN_051,46.0
781,WA,CDBN_293,55.0
782,WA,CDBN_242,50.0
783,WA,CDBN_239,62.0
784,WA,CDBN_159,43.0
785,WA,CDBN_299,48.0
786,WA,CDBN_278,43.0
787,WA,CDBN_024,47.0
788,WA,CDBN_268,53.0
789,WA,CDBN_037,53.0
790,WA,CDBN_039,54.0
791,WA,CDBN_048,49.0
792,WA,CDBN_193,50.0
793,WA,CDBN_128,45.0
794,WA,CDBN_284,39.0
795,WA,CDBN_303,62.0
796,WA,CDBN_304,51.0
797,WA,CDBN_165,43.0
798,WA,CDBN_307,54.0
799,WA,CDBN_290,47.0
800,WA,CDBN_053,46.0
801,WA,CDBN_065,46.0
802,WA,CDBN_317,40.0
803,WA,CDBN_138,55.0
804,WA,CDBN_087,44.0
805,WA,CDBN_274,46.0
806,WA,CDBN_318,48.0
807,WA,CDBN_010,52.0
808,WA,CDBN_013,49.0
809,WA,CDBN_014,55.0
810,WA,CDBN_277,53.0
811,WA,CDBN_116,51.0
812,WA,CDBN_247,48.0
813,WA,CDBN_249,50.0
814,WA,CDBN_089,49.0
815,WA,CDBN_036,54.0
816,WA,CDBN_271,55.0
817,WA,CDBN_199,55.0
818,WA,CDBN_232,54.0
819,WA,CDBN_203,53.0
820,WA,CDBN_098,44.0
821,WY,CDBN_010,48.0
822,WY,CDBN_013,46.0
823,WY,CDBN_014,48.0
824,WY,CDBN_051,49.0
825,WY,CDBN_293,48.0
826,WY,CDBN_277,47.0
827,WY,CDBN_242,48.0
828,WY,CDBN_116,48.0
829,WY,CDBN_239,51.0
830,WY,CDBN_159,48.0
831,WY,CDBN_299,49.0
832,WY,CDBN_247,45.0
833,WY,CDBN_249,46.0
834,WY,CDBN_278,47.0
835,WY,CDBN_089,46.0
836,WY,CDBN_024,46.0
837,WY,CDBN_268,48.0
838,WY,CDBN_036,48.0
839,WY,CDBN_037,48.0
840,WY,CDBN_048,48.0
841,WY,CDBN_271,51.0
842,WY,CDBN_193,51.0
843,WY,CDBN_128,48.0
844,WY,CDBN_303,48.0
845,WY,CDBN_304,48.0
846,WY,CDBN_199,48.0
847,WY,CDBN_232,48.0
848,WY,CDBN_203,48.0
849,WY,CDBN_098,48.0
850,WY,CDBN_165,48.0
851,WY,CDBN_307,48.0
852,WY,CDBN_138,51.0
853,WY,CDBN_318,48.0
854,WY,CDBN_011,45.0
855,WY,CDBN_012,47.0
856,WY,CDBN_015,45.0
857,WY,CDBN_016,45.0
858,WY,CDBN_298,47.0
859,WY,CDBN_250,45.0
860,WY,CDBN_251,45.0
861,WY,CDBN_017,52.0
862,WY,CDBN_019,51.0
863,WY,CDBN_021,55.0
864,WY,CDBN_026,47.0
865,WY,CDBN_263,48.0
866,WY,CDBN_125,53.0
867,WY,CDBN_126,53.0
868,WY,CDBN_127,52.0
869,WY,CDBN_027,55.0
870,WY,CDBN_028,50.0
871,WY,CDBN_164,50.0
872,WY,CDBN_035,47.0
873,WY,CDBN_044,55.0
874,WY,CDBN_046,47.0
875,WY,CDBN_285,50.0
876,WY,CDBN_079,50.0
877,WY,CDBN_095,45.0
878,WY,CDBN_219,48.0
879,WY,CDBN_311,47.0
880,WY,CDBN_053,47.0
881,WY,CDBN_065,45.0
882,WY,CDBN_314,48.0
883,WY,CDBN_317,45.0
884,WY,CDBN_155,50.0
885,WY,CDBN_296,50.0
886,WY,CDBN_171,44.0
887,WY,CDBN_170,44.0
888,WY,CDBN_288,46.0
889,WY,CDBN_146,47.0
890,WY,CDBN_097,49.0
891,WY,CDBN_265,49.0
892,WY,CDBN_030,50.0
893,WY,CDBN_031,44.0
894,WY,CDBN_032,49.0
895,WY,CDBN_033,49.0
896,WY,CDBN_034,47.0
897,WY,CDBN_192,49.0
898,WY,CDBN_038,50.0
899,WY,CDBN_040,48.0
900,WY,CDBN_041,42.0
901,WY,CDBN_043,50.0
902,WY,CDBN_093,44.0
903,WY,CDBN_076,52.0
904,WY,CDBN_077,50.0
905,WY,CDBN_196,50.0
906,WY,CDBN_179,52.0
907,WY,CDBN_238,52.0
908,WY,CDBN_324,47.0
909,WY,CDBN_306,47.0
910,WY,CDBN_207,52.0
911,WY,CDBN_312,46.0
912,WY,CDBN_316,51.0
913,WY,CDBN_273,52.0
914,WY,CDBN_002,42.0
915,WY,CDBN_115,45.0
916,WY,CDBN_168,46.0
917,WY,CDBN_275,48.0
918,WY,CDBN_300,48.0
919,WY,CDBN_123,44.0
920,WY,CDBN_259,42.0
921,WY,CDBN_039,47.0
922,WY,CDBN_166,45.0
923,WY,CDBN_290,41.0
924,WY,CDBN_084,45.0
925,WY,CDBN_226,47.0
